id,title,note,excerpt,url,folder,tags,created,cover,highlights,favorite
1288054438,"Inbox (1,193) - patrickburrell@gmail.com - Gmail",,Google's approach to email,https://mail.google.com/mail/u/0/?tab=rm&ogbl#inbox,PMB / PMB,,2025-08-06T19:03:55.618Z,,,false
1288054385,PMB,,,https://patrickmburrell.github.io/id-tabs/pmb.html,PMB / PMB,,2025-08-06T19:03:44.273Z,,,false
1263076510,CAD and SendCutSend for Beginners: Full Tutorial with OnShape's Free Plan,,You'll be surprised how easy it is! Follow along and give it a try...Save 15% at SendCutSend: https://sendcutsend.com/timwelds3D Connexion Space Mouse for Pr...,https://www.youtube.com/watch?v=YnQRsvfd-co,PMB / 3d / Modeling,,2025-07-22T13:37:22.727Z,https://i.ytimg.com/vi/YnQRsvfd-co/maxresdefault.jpg,,false
1263075921,Introduction to the magicplan REST API | Guide,,,https://apidocs.magicplan.app/guide/introduction-to-the-magicplan-rest-api,PMB / 3d / Modeling,,2025-07-22T13:36:33.436Z,,,false
1263050118,Video tutorials,,"x


Setup Sketch Constraints Documentation Design History Visualization Project Loft Boolean Import

Getting started
Starter guide
Master Shapr3D basics. Matt Lombard, mechanical engineer and CAD e...",https://support.shapr3d.com/hc/en-us/articles/12208897524380-Video-tutorials#starter-guide,PMB / 3d / Modeling,,2025-07-22T13:26:20.462Z,https://support.shapr3d.com/hc/theming_assets/01J1QDZBSXMW14NF19M9QFG19Z,,false
1263050081,"Revolve, Subtract, and Mirror",,"Tutorial series: Introducing Shapr3D basics
58%


‚Üê Back: Design History tips with Union, Shell, Fillet, part 2Next: Shape and add detailed features ‚Üí


What you'll learn
Create the first part of t...",https://support.shapr3d.com/hc/en-us/articles/13079183578524-Revolve-Subtract-and-Mirror,PMB / 3d / Modeling,,2025-07-22T13:26:11.754Z,https://support.shapr3d.com/hc/theming_assets/01J1QDZBSXMW14NF19M9QFG19Z,,false
1263049711,Master Parametric Design with Variables and Expressions in Shapr3D | Modeling projects,,Learn how to use Variables and Expressions in Shapr3D with Claas Kuhnen to build more flexible and efficient parametric models. This tutorial demonstrates ho...,https://www.youtube.com/watch?v=Wzmynst2CNM,PMB / 3d / Modeling,,2025-07-22T13:24:55.601Z,https://i.ytimg.com/vi/Wzmynst2CNM/maxresdefault.jpg,,false
1263050490,RoutineHub - Backup & Restore Shortcuts,,Backup & Restore All Shortcuts or each edit version (Most Helpful for developers),https://routinehub.co/shortcut/21773/?ref=blog.routinehub.co,PMB / Apple,,2025-07-22T13:27:31.273Z,https://assets.routinehub.co/file/routinehub/media/shortcuts/icons/icon_temp_dir/1f24346162af4e169c8a45236e0df0b2.webp,,false
1263050343,Backing Up macOS Shortcuts - Automators Talk,,I‚Äôve got a couple different methods. One of them grabs the shortcuts that are in folders and backs them up into individual zip files then zips the entire thing into one main zip,https://talk.automators.fm/t/backing-up-macos-shortcuts/18222/7,PMB / Apple,,2025-07-22T13:27:10.217Z,https://talk.automators.fm/uploads/default/original/1X/a6448e3d407f60bb357124a0b8b36fc47052cce5.png,,false
1263049435,COMPLETE No-Nonsense VSCode Setup for Python Devs,,üí° Learn how to design great software in 7 steps: https://arjan.codes/designguide.Setting up VSCode for Python development doesn't have to be a headache! In ...,https://www.youtube.com/watch?v=PwGKhvqJCQM,PMB / Dev / Python,,2025-07-22T13:23:50.759Z,https://i.ytimg.com/vi/PwGKhvqJCQM/maxresdefault.jpg,,false
1263272411,Hynek‚Äôs Blog,,"Hynek Schlawack: Pythonista, Gopher, blogger, speaker, and YouTuber from Berlin / Germany.",https://hynek.me/articles/,PMB / Dev / Python / uv,,2025-07-22T16:13:15.321Z,https://static.hynek.me/cards/articles.png?8f4316f,,false
1263050572,uv: An In-Depth Guide to Python's Fast and Ambitious New Package Manager,,A comprehensive guide on why and how to start using uv‚Äîthe package manager (and much more) that's taken the Python world by storm.,https://www.saaspegasus.com/guides/uv-deep-dive/#building-and-publishing-projects,PMB / Dev / Python / uv,,2025-07-22T13:27:49.634Z,https://www.saaspegasus.com/static/images/web/uv/uv-social.d765bb4ede7a.png,,false
1263049331,"uv for EVERYTHING: How to use uv for Python, venv, and project management",,"Master Python project management with UV - the lightning-fast alternative to pip, poetry, venv, & pyenv. Replace them all with one, simple command. Learn how...",https://www.youtube.com/watch?v=zgSQr0d5EVg,PMB / Dev / Python / uv,,2025-07-22T13:23:28.713Z,https://i.ytimg.com/vi/zgSQr0d5EVg/maxresdefault.jpg,,false
1263047733,uv,,"uv is an extremely fast Python package and project manager, written in Rust.",https://docs.astral.sh/uv/,PMB / Dev / Python / uv,,2025-07-22T13:22:46.032Z,https://github.com/astral-sh/uv/assets/1309177/629e59c0-9c6e-4013-9ad4-adb2bcf5080d#only-light,,false
1263272854,COMFORT 10-16 TDT BU/LC,,Comfort is a compact and energy-efficient hot-water recirculation pump designed to deliver instant hot water to all faucets in private homes. The pump is easily installed and secures silent operation.,https://product-selection.grundfos.com/us/products/up-ups-series-100-north-america/grundfos-comfort-north-america/comfort-10-16-tdt-bulc-93094713?pumpsystemid=2722535609&tab=variant-curves,PMB / House,,2025-07-22T16:15:06.399Z,https://api.grundfos.com/gpi/imaging/product?productnumber=93094713&w=768&h=576,,false
1263272749,COMFORT TDT setup,,Learn how the timer and temperature control modes for the COMFORT TDT pumps work.,https://www.grundfos.com/solutions/learn/ecademy/all-courses/the-comfort-hot-water-recirculation-course/comfort-tdt-setup,PMB / House,,2025-07-22T16:14:44.231Z,https://grundfos.scene7.com/is/image/grundfos/module-5-comfort-hot-water-recirculation-wide-master-1,,false
1263072869,Quickstart to Morpholio Trace,,,https://sketchlikeanarchitect.teachable.com/courses/enrolled/2790885,PMB / House,,2025-07-22T13:35:34.006Z,https://uploads.teachablecdn.com/attachments/SfUdnQy9TQezu4lm85aO_Architecture+Concept+Development+Perspective+Drawing+%28Explained%29.jpg,,false
1263061931,5mm Barb x Threads Connector,,1,https://www.dripdepot.com/5mm-barb-by-threads-connector,PMB / House,,2025-07-22T13:31:29.548Z,https://www.dripdepot.com/image/960/parent/16756/5mm-barb-by-threads-connector-42755.jpg,,false
1263056232,Tournant¬Æ Semi-professional kitchen sink faucet | K-77515 | KOHLER,,The K-77515 semi-professional faucet delivers elegant styling and professional performance to your kitchen with a high-arch coil and three-function sprayhead.,https://www.kohler.com/en/products/kitchen-faucets/shop-kitchen-faucets/tournant-semiprofessional-kitchen-sink-faucet-77515?skuId=77515-CP,PMB / House,,2025-07-22T13:30:37.948Z,https://kohler.scene7.com/is/image/PAWEB/77515-CP_ISO_d2c0033632_rgb,,false
1263050801,Contact Us | VDC | Concrete Contractor | West Michigan,,"Contact VDC today for a FREE Quote! Specializing in Concrete Lifting, and other trusted and professional concrete services.",https://vdcconcrete.com/contact-us/,PMB / House,,2025-07-22T13:28:50.506Z,,,false
1296174602,Backup LEDs for 2011-2024 Mini Countryman (pair),,Increase your nighttime visibility with plug-and-play replacement Backup LEDs for 2011-2024 Mini Countryman (pair).,https://www.diodedynamics.com/backup-leds-for-2011-2024-mini-countryman-pair.html,PMB / MINI,,2025-08-12T16:48:54.125Z,https://dxv0kh7euhy9z.cloudfront.net/catalog/product/cache/1c5201e3196ad52decb7165bee63c8cf/b/c/bckup-2211_85503_.jpg,,false
1296174434,Reversing light LED pack for Mini Countryman II (F60),,Discover our reversing light LED bulbs pack for Mini Countryman II F60 (2016 - 2023) with assembly instructions. Quality LEDs and 48-hour delivery.,https://www.ledperf.us/pack-leds-white-6000k-backup-lights-for-mini-countryman-ii-f60-p-104189.html,PMB / MINI,,2025-08-12T16:48:13.350Z,https://www.ledperf.us/images/products/ledperf.com/96/W500/39968_pack-leds-white-6000k-backup-lights-for-mini-countryman-ii-f60.jpg,,false
1287649910,MINI,,,https://patrickmburrell.github.io/id-tabs/mini.html,PMB / MINI,,2025-08-06T14:25:54.686Z,,,false
1287416654,"Dash Cam install, Trim Removal (RHD) - North American Motoring",,"4th Generation MINIs - Dash Cam install, Trim Removal (RHD) - Hi all Going to do my own Dash Cam insall, it's work in progress, will post what I found, tips and tricks here for reference. A Piller, share with BMW U11/U10 X1/X2, found this video on YouTube - https://www.youtube.com/watch?v=jqULAXnvMk4 Following the...",https://www.northamericanmotoring.com/forums/4th-generation-minis/369693-dash-cam-install-trim-removal-rhd.html,PMB / MINI,,2025-08-06T11:37:54.725Z,https://cimg0.ibsrv.net/gimg/www.northamericanmotoring.com-vbulletin/1500x2000/20241006_082631194_ios_2c7866106f1cc3adb91fb7a12ac7812766a2fb56.jpg,,false
1287416568,"Tires, Wheels, & Brakes - Page 13 - North American Motoring",,"Tires, Wheels, & Brakes - Discussion about wheels, tires, and brakes for the new MINI.",https://www.northamericanmotoring.com/forums/tires-wheels-and-brakes-36-13.html,PMB / MINI,,2025-08-06T11:37:33.665Z,,,false
1287416529,Show me your WHEELS! 2.0 - North American Motoring,,"Tires, Wheels, & Brakes - Show me your WHEELS! 2.0 - As a result of some recurring page display issues, we're going to start this one fresh so things and load a little quicker for everyone. Original thread: https://www.northamericanmotoring.com/forums/tires-wheels-and-brakes/11362-show-me-your-wheels.html Original...",https://www.northamericanmotoring.com/forums/tires-wheels-and-brakes/229785-show-me-your-wheels-2-0-a-55.html,PMB / MINI,,2025-08-06T11:37:20.057Z,https://www.northamericanmotoring.com/forums/attachments/tires-wheels-and-brakes/183832d1528182775t-show-me-your-wheels-2-0-img_20180503_070714.jpg,,false
1287416468,"NM Eng. RSe05 NM.880501NBS, NM.880501NGG, NM.880501NRG, NM.880501NSG, NM.880501NWG, NM.880503NBS, NM.880503NGG 5522337031",,"At NEUSPEED RS Wheels we offer NM Eng. RSe05  5522337031 at the lowest price. Check it out now!  NM.880501NBS, NM.880501NGG, NM.880501NRG, NM.880501NSG, NM.880501NWG, NM.880503NBS, NM.880503NGG",https://neuspeedrswheels.com/products/nm-eng-rse05-nm8805?variant=31935769739377,PMB / MINI,,2025-08-06T11:37:07.494Z,http://neuspeedrswheels.com/cdn/shop/products/nm880501g.jpg?v=1749050244&width=2048,,false
1287416342,How To Wash Your Car,,"How to Wash Your Car: The Ultimate Guide to a Scratch-Free ShineYou've invested in your car or truck, and now you might be wondering, ""What‚Äôs
the best way to wash my car without damaging the paint?"" Proper car
washing techniques are often misunderstood, and incorrect methods can lead
to swirl marks, scratches, and dull paint finishes over time.If you observe cars under direct sunlight, whether at a car show
or a parking lot, you may notice many vehicles have light scratches
and swirl marks. These marks are often caused by improper car washing
and drying methods. This article provides expert car detailing tips
to help you maintain your vehicle‚Äôs pristine condition while avoiding paint
damage.Best Car Wash Products for a
Scratch-Free FinishCar Wash Shampoo: Choosing the Right
OneIn the past, people used dish soap to clean their cars, but this
is a big mistake. Dishwashing detergent strips car wax and dries out rubber
seals. Instead, use high-quality car wash shampoo that offers:
 Foaming ability to lift dirt
     safely pH balance to protect wax
     coatings Gloss
     enhancement for a stunning shine Lubricity to reduce
     friction while washingWhen selecting a car soap, stick to brands that match your car
wax or sealant for optimal compatibility.Best Car Wash Mitts for Scratch-Free
CleaningYour choice of wash mitt plays a crucial role in preventing paint
damage. Avoid using shop rags, old t-shirts, or beach towels, as
they push dirt around, causing micro-scratches. Instead, opt for:
 Microfiber wash
     mitts (long or short nap) Sheepskin wash
     mitts (synthetic or genuine) High-quality
     foam spongesFor RVs and boats, use soft-bristle brushes instead of nylon
brushes, which can scratch automotive paint.Car Wash Buckets & The Two-Bucket
MethodUsing a two-bucket wash system significantly reduces the risk of swirl
marks.
 One bucket for the soapy
     car wash solution One bucket for clean
     rinse waterAdding a bucket insert (also called a grit guard) prevents
dirt from being reintroduced to the wash mitt, reducing paint swirl marks.Foam Guns & Foam Cannons: The
Pre-Wash SecretTo further minimize scratches and swirl marks, use a foam gun
or foam cannon:
 A foam gun
     attaches to a garden hose A foam
     cannon requires a pressure washerPre-soaking your car with foam encapsulates dirt and reduces the
risk of paint scratching before handwashing.Best Car Drying Methods: Towels vs.
ChamoisTwo main options exist for drying your car without scratching:
 Microfiber
     drying towels ‚Äì Extremely soft, highly absorbent, and gentle on paint. Synthetic or
     leather chamois ‚Äì Absorbs water well but may cause paint swirls if not used
     properly.For best results, use two microfiber towels:
 First towel: Absorbs most
     of the water Second towel: Removes
     residual moisture for a streak-free shineProper Car Washing Technique for a
Swirl-Free FinishFollow these pro car detailing steps:
 Always wash
     your car in the shade to prevent soap spots. Start from the
     top and work your way down. Pre-rinse the
     car thoroughly to remove loose dirt. Use
     straight-line motions rather than circular scrubbing. Rinse with a
     gentle stream of water to allow water to ‚Äúsheet‚Äù off. Dry with
     microfiber towels using light pressure. Apply a quick
     detailer spray to enhance gloss and remove water spots.Final Touch: Maintaining Your Car‚Äôs
ShineAfter washing, apply a car wax, paint sealant, or ceramic coating
to keep your paint protected and looking new. For maintenance, use a quick
detail spray between washes to remove dust and add slickness.ConclusionBy following these proven car washing tips, you can maintain a showroom-quality
shine while protecting your car‚Äôs paint from swirl marks and scratches.
Invest in quality car wash products, use the two-bucket method,
and opt for microfiber towels for a flawless, swirl-free finish. Happy
detailing!",https://www.autogeek.net/blog/how-to-wash-your-car/,PMB / MINI,,2025-08-06T11:36:42.326Z,https://cdn11.bigcommerce.com/s-ndtdat03b2/product_images/uploaded_images/how-to-wash-your-car.png,,false
1287416214,2025 MINI ON THE MACK,,Photo collection by RICHPPHOTOGRAPHY,https://richpphotography.pixieset.com/2025minionthemack/,PMB / MINI,,2025-08-06T11:36:07.949Z,https://images.pixieset.com/82478279/298665f5737618e726d36f201267e1c4-cover.jpg,,false
1286012869,MOTM 2025 BOOKLET - Flipbook - Page 1,,"MINI
ON
THE
MACK
2025",https://motm.paperturn-view.com/?pid=ODg8897965,PMB / MINI,,2025-08-05T12:51:17.023Z,https://d2abtfos12aevk.cloudfront.net/Y292ZXItODg5Nzk2NS0xLTc5Mi1kZWZhdWx0LTE=.png,,false
1285984115,MINI Sicherungsbelegungskarte,,,https://fusecard.mini.com/,PMB / MINI,,2025-08-05T12:13:48.469Z,https://fusecard.mini.com/01-mini.3764be84.jpg,,false
1285982471,Fuse Box Diagram MINI Countryman (F60; 2017-2022),,"Fuse box diagrams (location and assignment of electrical fuses) MINI Cooper Countryman / Cooper S / John Cooper Works (F60; 2017, 2018, 2019, 2020, 2021, 2022).",https://fuse-box.info/mini/mini-countryman-f60-2017-2022-fuses,PMB / MINI,,2025-08-05T12:13:00.670Z,https://fuse-box.info/wp-content/uploads/2023/04/MINI-Countryman-F60-2017-2022.jpg,,false
1263076681,(76) South Shore MINI - YouTube,,"At South Shore MINI, we are just as enthusiastic about your MINI as you are. We're here to answer your questions, address your needs, accessorize, customize, and maintain your pride and joy. We have a dedicated staff of certified MINI technicians, and, should you need to leave your MINI with us, a big fleet of MINI loaners. But don't wait for a service appointment to stop by. We're on Route 3 South in Rockland, Massachusetts,  and we open at 9AM Monday through Saturday. Come on in!",https://www.youtube.com/@SouthShoreMINI/videos,PMB / MINI,,2025-07-22T13:37:37.165Z,"https://yt3.googleusercontent.com/IObwqk1QRDyUPVFhm2Ta034-KFlSPIdl5O2UsUAiXy0I04cVvqp9l1EdTL5B0ZVDotnrhaLy=w2560-fcrop64=1,00005a57ffffa5a8-k-c0xffffffff-no-nd-rj",,false
1263064975,Performance Logging | More than just error codes‚Ä¶ OBDLink MX+ Bluetooth OBD-II Review,,Want an inexpensive and cool way to get digital gauge displays and do performance and map logging in your car? In this road test video I get a crash course i...,https://www.youtube.com/watch?v=iGzPmm4a2MU&t=152s,PMB / MINI,,2025-07-22T13:33:53.377Z,https://i.ytimg.com/vi/iGzPmm4a2MU/maxresdefault.jpg,,false
1263064808,2023 MINI Countryman interior electronics tutorial w/Navigation. Please note that this is thorough,,,https://www.youtube.com/watch?v=BC7e6PNBUXQ,PMB / MINI,,2025-07-22T13:33:10.911Z,https://i.ytimg.com/vi/BC7e6PNBUXQ/hqdefault.jpg?sqp=-oaymwEmCOADEOgC8quKqQMa8AEB-AH-CYAC0AWKAgwIABABGFEgWChlMA8=&rs=AOn4CLCWM60tL-Tvh6hpvELWKGfXU7q5mA,,false
1263064471,2nd Gen Countryman (F60) Talk (2016-2024) - Page 3 - North American Motoring,,"2nd Gen Countryman (F60) Talk (2016-2024) - Second Generation Countryman discussion. 
F60",https://www.northamericanmotoring.com/forums/2nd-gen-countryman-f60-talk-2016-2024-444-3.html,PMB / MINI,,2025-07-22T13:32:49.316Z,,,false
1263064446,"178784-now-that-we-have-a-f60-area-lets-have-a-photo-thread-mini-rear.jpg 4,896√ó3,264 pixels",,,https://www.northamericanmotoring.com/forums/attachments/2nd-gen-countryman-f60-talk-2016-2024/178784-now-that-we-have-a-f60-area-lets-have-a-photo-thread-mini-rear.jpg,PMB / MINI,,2025-07-22T13:32:41.310Z,https://www.northamericanmotoring.com/forums/attachments/2nd-gen-countryman-f60-talk-2016-2024/178784-now-that-we-have-a-f60-area-lets-have-a-photo-thread-mini-rear.jpg,,false
1263064415,"178783-now-that-we-have-a-f60-area-lets-have-a-photo-thread-mini-side.jpg 4,896√ó3,264 pixels",,,https://www.northamericanmotoring.com/forums/attachments/2nd-gen-countryman-f60-talk-2016-2024/178783-now-that-we-have-a-f60-area-lets-have-a-photo-thread-mini-side.jpg,PMB / MINI,,2025-07-22T13:32:33.773Z,https://www.northamericanmotoring.com/forums/attachments/2nd-gen-countryman-f60-talk-2016-2024/178783-now-that-we-have-a-f60-area-lets-have-a-photo-thread-mini-side.jpg,,false
1263064379,"178782-now-that-we-have-a-f60-area-lets-have-a-photo-thread-hard-parked.jpg 4,896√ó3,264 pixels",,,https://www.northamericanmotoring.com/forums/attachments/2nd-gen-countryman-f60-talk-2016-2024/178782-now-that-we-have-a-f60-area-lets-have-a-photo-thread-hard-parked.jpg,PMB / MINI,,2025-07-22T13:32:24.856Z,https://www.northamericanmotoring.com/forums/attachments/2nd-gen-countryman-f60-talk-2016-2024/178782-now-that-we-have-a-f60-area-lets-have-a-photo-thread-hard-parked.jpg,,false
1263064341,F60 Countryman | 2016 - 2024 Archives - MotoringFile,,,https://www.motoringfile.com/section/models/countryman/f60-countryman/,PMB / MINI,,2025-07-22T13:32:15.567Z,https://i0.wp.com/www.motoringfile.com/wp-content/uploads/2020/07/JCW_F60_0004.jpg?zoom=2&resize=672%2C414&ssl=1,,false
1295765934,Raymond James | Client Access | My Accounts | Summary,,,https://clientaccess.rjf.com/MyAccounts/Summary,PMB / Money,,2025-08-12T09:59:52.962Z,,,false
1295764066,"Personal Banking, Credit Cards, Loans & Investing | U.S. Bank",,"Experience personalized banking services for your unique needs with U.S. Bank - Checking, credit cards, home loans & convenient online banking. Member FDIC.",https://www.usbank.com/index.html,PMB / Money,,2025-08-12T09:55:45.024Z,https://www.usbank.com/content/dam/usbank/en/images/photos/homepage/photo-golfer-with-us-bank-and-happy-gilmore-logos-3x2.jpg,,false
1295763578,"Credit Card, Mortgage, Banking, Auto | Chase Online | Chase.com",,"Chase online; credit cards, mortgages, commercial banking, auto loans, investing & retirement planning, checking and business banking.",https://www.chase.com/?w5pgc353tdza5dv5twzpj6gh2q=sHpIrR-kAA3bTF1hP4v-t0sr4ueD2nvsUPKUJDmM9CgM0y5q-FNtlbbXWxvydLwGRwfZREjH,PMB / Money,,2025-08-12T09:54:13.617Z,https://sites.chase.com/content/mktservices/digital-assets/image.flexible-hero-new-foreground-photography.png/image/creatives/text-as-image/amazon-enjoy-900-plus-1-2-percent.png,,false
1286012772,LogOff,,,https://olb.lmcu.org/Account/LogOff,PMB / Money,,2025-08-05T12:50:55.673Z,,,false
1263272003,That‚Äôs You in the Spotlight | YNAB,,"Introducing Spotlight, your new go-to hub in YNAB. See what needs your attention, track progress on your priorities, and stay focused on what matters most‚Äîall in one place.",https://www.ynab.com/blog/the-spotlight?isolated,PMB / Money,,2025-07-22T16:11:52.966Z,https://cdn.prod.website-files.com/6410766c6141dc6c15cfe33c/67c87247cd6909f813c871e4_31.%20Spotlight%20(2)%20(1).avif,,false
1263075755,Using Credit Cards with YNAB: The Complete Guide,,Learn the tried-and-true way to handle credit cards in YNAB.‚û°Ô∏è Sign up for a free trial! - https://www.ynab.com/üëÄ Watch This Next! https://youtu.be/4hO3siDS...,https://www.youtube.com/watch?v=hzVpmBv6s3s,PMB / Money,,2025-07-22T13:36:05.721Z,https://i.ytimg.com/vi/hzVpmBv6s3s/maxresdefault.jpg,,false
1263124456,I have 3 x U7-Pro-Wall's in my house and my devices are not roaming | Ubiquiti Community,,,https://community.ui.com/questions/I-have-3-x-U7-Pro-Walls-in-my-house-and-my-devices-are-not-roaming/286d5576-b7c9-405c-9715-3f8e258ef54d,PMB / Network,,2025-07-22T14:09:40.611Z,,,false
1263093355,192.168.1.1,,,https://192.168.1.1/login?redirect=%2Fnetwork%2Fdefault%2Fsettings%2Fwifi,PMB / Network,,2025-07-22T13:40:21.342Z,,,false
1263076055,MOCA - Building a Unifi Network using Coax Cabling,,"In this video, we setup and build a Unifi network using MOCA adapters and the coax cabling in my home.  We talk about how to use the tools to find your cabli...",https://www.youtube.com/watch?v=0NRwQVV4c3E,PMB / Network,,2025-07-22T13:36:59.693Z,https://i.ytimg.com/vi/0NRwQVV4c3E/maxresdefault.jpg,,false
1263075534,Log In - UniFi Design Center,,Simulate a complete UniFi system with our powerful visualization and planning tool.,https://design.ui.com/projects/c8aa6d04-4eb8-42b4-8f9e-ad40fcea17ae/plans/ee39e870-d4e0-4891-85e3-cddb982d655a,PMB / Network,,2025-07-22T13:35:48.443Z,,,false
1263067603,UniFi Identity Enterprise,,,https://ui-7121496403.ui.com/login/?from=https%3A%2F%2Fui-7121496403.ui.com%2Fportal%2Fapp,PMB / Network,,2025-07-22T13:34:51.130Z,,,false
1263062469,Visualizing your Tailscale network traffic with TSFlow,,"Securely connect to anything on the internet with Tailscale. Built on WireGuard¬ÆÔ∏è, Tailscale enables you to make finely configurable connections, secured end-to-end according to zero trust principles, between any resources on any infrastructure.",https://tailscale.com/blog/community-ts-flow,PMB / Network,,2025-07-22T13:31:37.731Z,https://tailscale.com/api/og-image?id=088845b6-7c8c-4809-947d-74e0c18c903b,,false
1263053148,Venting a Server Closet (The Right Way),,"Venting a server closet to keep your server, theater room gear, and router cool is essential in both home an business environments. Learn the right way!",https://www.thegeekpub.com/8373/venting-server-closet-right-way/,PMB / Network,,2025-07-22T13:30:13.021Z,https://www.thegeekpub.com/wp-content/uploads/2017/04/Venting-a-Server-Closet-0008-e1491155526877-scaled-1.jpg,,false
1263052606,"Amazon.com: AC Infinity AIRFRAME T7-N Black, High-Airflow Cooling Fan System 17"", Intake Airflow, for AV Equipment Rooms, Closets, and Enclosures : Electronics",,"Buy AC Infinity AIRFRAME T7-N Black, High-Airflow Cooling Fan System 17"", Intake Airflow, for AV Equipment Rooms, Closets, and Enclosures: Case Fans - Amazon.com ‚úì FREE DELIVERY possible on eligible purchases",https://www.amazon.com/AC-Infinity-High-Airflow-Equipment-Enclosures/dp/B0789123NP,PMB / Network,,2025-07-22T13:30:02.545Z,https://m.media-amazon.com/images/I/61gzZg2S3YL._SX522_.jpg,,false
1263051006,Server Closet Design for New Home,,"Hi all, My family is having a new house built, we are currently in the framing phase of the build. I am definitely wiring the home with TrueCABLE CAT6A Shielded (FTP) Cable for full 10GbE throughout the house. I expect there to be a total of 18 runs. The Network Cables will connect to a patch pan...",https://linustechtips.com/topic/1404963-server-closet-design-for-new-home/,PMB / Network,,2025-07-22T13:29:37.704Z,https://pbs-prod.linustechtips.com/monthly_2022_01/image.png.27c2e975441b527b66425d37cf06d01c.png,,false
1263050944,My Homelab Setup,,"I replaced my existing Homelab setup from the ground up with Unifi's latest Gateways, Switches APs, and Cameras. Here is what I did and how it ended up.",https://arslan.io/2024/09/10/my-homelab-setup/,PMB / Network,,2025-07-22T13:29:24.043Z,https://arslan.io/content/images/size/w1200/2024/09/L1004906-1.jpeg,,false
1263049934,What‚Äôs the Best UniFi Gateway for 2025?,,https://lawrence.video/unifiThinking about buying a UniFi Cloud Gateway in 2025? Hold up‚Äîlet's break down which models are actually worth your money and whic...,https://www.youtube.com/watch?v=9Fy7_aPyaNY,PMB / Network,,2025-07-22T13:25:50.067Z,https://i.ytimg.com/vi/9Fy7_aPyaNY/maxresdefault.jpg,,false
1263049823,Ubiquiti Guide ‚Äî McCann Tech,,"My unofficial guide to all things Ubiquiti. Includes overviews, wireless access points, routers, switches and some miscellaneous posts.",https://evanmccann.net/ubiquiti,PMB / Network,,2025-07-22T13:25:22.851Z,http://static1.squarespace.com/static/5d3c73c906ac510001158d1b/t/60963437cc694952d82ecd0c/1620456513472/_DSC0222.jpeg?format=1500w,,false
1263272598,macOS,,Install Home Assistant on macOS,https://www.home-assistant.io/installation/macos,PMB / SmartHome,,2025-07-22T16:14:01.742Z,https://www.home-assistant.io/images/default-social.png,,false
1263065130,Articles,,"Shelly provides advanced smart home automation solutions for seamless control of lighting, temperature, and energy. Make your home smarter today.",https://us.shelly.com/blogs/articles,PMB / SmartHome,,2025-07-22T13:34:35.081Z,http://us.shelly.com/cdn/shop/files/share-general.webp?v=1729048360,,false
1263069693,Use Inoreader as your ultimate read-later app,,"The internet is a goldmine of valuable information, but let‚Äôs face it ‚Äì it can often be overwhelming. Between corporate...",https://www.inoreader.com/blog/2025/06/use-inoreader-as-your-ultimate-read-later-app.html,PMB / Software,,2025-07-22T13:35:14.139Z,https://www.inoreader.com/blog/wp-content/uploads/2025/06/0-read-later-heading.png,,false
1263061374,Alfred,,"A web site about using technology efficiently, and other things",https://www.thoughtasylum.com/alfred/,PMB / Software,,2025-07-22T13:31:16.208Z,https://www.thoughtasylum.com/assets/featured/alfred.png,,false
1288054027,My Apps Dashboard | Amway Single Sign-on,,,https://amway.okta.com/app/UserHome,Work / Amway,,2025-08-06T19:02:16.408Z,,,false
1288053871,Amway,,,https://patrickmburrell.github.io/id-tabs/amway.html,Work / Amway,,2025-08-06T19:02:00.691Z,,,false
1294645252,Sign in to your account,,,https://amwaycorp.sharepoint.com/sites/PerformanceManagement/Shared%20Documents/Forms/AllItems.aspx?id=%2Fsites%2FPerformanceManagement%2FShared%20Documents%2FValues%20In%20Action%20One%20Pager%2FValues%20in%20Action%20One%20Pager%20%2D%20English%20Translation%2Epdf&parent=%2Fsites%2FPerformanceManagement%2FShared%20Documents%2FValues%20In%20Action%20One%20Pager,Work / CultureAmp,,2025-08-11T13:34:58.151Z,,,false
1294645129,2025 Values in Action Conversation - Culture Amp,,,https://amway.cultureamp.com/app/cycles-view/35333951-1bc0-4817-b5fa-56933db4a144/self-reflection/response/019655a5-68c4-75b2-b194-d6a26e6cf5c7,Work / CultureAmp,,2025-08-11T13:34:34.229Z,,,false
1294644945,2025 Mid-Year Performance Check-in - Culture Amp,,,https://amway.cultureamp.com/app/cycles-capture/35333951-1bc0-4817-b5fa-56933db4a144/self-reflection/response/01980672-593a-78f8-84ce-525a91e1934d?utm_source=email,Work / CultureAmp,,2025-08-11T13:34:02.312Z,,,false
1296138262,DE5 - dev,,,https://patrickmburrell.github.io/id-tabs/de5-dev.html,Work / DE5 - dev,8/12/2025,2025-08-12T15:42:38.641Z,,,false
1296138261,App Manager | Dash Enterprise 5,,,https://dash-dev.dsa.corp.amway.net/apps,Work / DE5 - dev,8/12/2025,2025-08-12T15:42:38.641Z,,,false
1296138260,Admin Console,,,https://admin-dash-dev.dsa.corp.amway.net/secure-console,Work / DE5 - dev,8/12/2025,2025-08-12T15:42:38.641Z,,,false
1296138259,Harbor,,,https://registry-dash-dev.dsa.corp.amway.net/account/sign-in?redirect_url=%2Fharbor%2Fprojects%3F3u5gagp54635icoj7t2mv6ubii%3Dma6w2qcbleih7s5wxj6jlgcj7q,Work / DE5 - dev,8/12/2025,2025-08-12T15:42:38.641Z,,,false
1296138258,Keycloak,,,https://auth-dash-dev.dsa.corp.amway.net/auth/realms/master/protocol/openid-connect/auth?client_id=security-admin-console&redirect_uri=https%3A%2F%2Fauth-dash-dev.dsa.corp.amway.net%2Fauth%2Fadmin%2Fmaster%2Fconsole%2F&state=f25897d5-99dc-4107-b344-63c21b96dcfb&response_mode=query&response_type=code&scope=openid&nonce=06df5ecc-602c-4bf2-85e8-425158597f4e&code_challenge=-Dy9HUufuct4zNgiPS6b8KRM4FnRN2jx3eCWPRqqJ-c&code_challenge_method=S256,Work / DE5 - dev,8/12/2025,2025-08-12T15:42:38.640Z,,,false
1296144096,DE5 - prod,,,https://patrickmburrell.github.io/id-tabs/de5-prod.html,Work / DE5 - prod,,2025-08-12T15:44:59.823Z,,,false
1296141970,App Manager | Dash Enterprise 5,,,https://dash.dsa.corp.amway.net/apps,Work / DE5 - prod,8/12/2025,2025-08-12T15:44:12.762Z,,,false
1296141969,Admin Console,,,https://admin-dash.dsa.corp.amway.net/secure-console,Work / DE5 - prod,8/12/2025,2025-08-12T15:44:12.762Z,,,false
1296141968,Harbor,,,https://registry-dash.dsa.corp.amway.net/account/sign-in?redirect_url=%2Fharbor%2Fprojects%3F3u5gagp54635icoj7t2mv6ubii%3Dma6w2qcbleih7s5wxj6jlgcj7q,Work / DE5 - prod,8/12/2025,2025-08-12T15:44:12.761Z,,,false
1296141967,Keycloak,,,https://auth-dash.dsa.corp.amway.net/auth/realms/master/protocol/openid-connect/auth?client_id=security-admin-console&redirect_uri=https%3A%2F%2Fauth-dash.dsa.corp.amway.net%2Fauth%2Fadmin%2Fmaster%2Fconsole%2F&state=70a261a1-bc3f-4ead-9fef-706a00afcc1b&response_mode=query&response_type=code&scope=openid&nonce=d3fb3fa7-432e-4e97-8c23-1b7822c923f0&code_challenge=Jz22zpi_z-Dqzi7PBuIoUwcjBUZ_ipIFo8z4jfSBOtg&code_challenge_method=S256,Work / DE5 - prod,8/12/2025,2025-08-12T15:44:12.761Z,,,false
1286010077,DS-DEVOPS-PULUMI/src/dsa_pulumi/base/iam.py at 8baf6b93b569de680c656bc8cc74e442c5ec4593 ¬∑ AmwayCommon/DS-DEVOPS-PULUMI,,This project provides a package of Python functions for use in DSA Pulumi IaC projects. - AmwayCommon/DS-DEVOPS-PULUMI,https://github.com/AmwayCommon/DS-DEVOPS-PULUMI/blob/8baf6b93b569de680c656bc8cc74e442c5ec4593/src/dsa_pulumi/base/iam.py,Work / DevOps,,2025-08-05T12:46:16.032Z,https://avatars.githubusercontent.com/u/132675179?s=400&v=4,,false
1304309266,JupyterLab,,,https://jupyter.dsa.corp.amway.net/user/usaw003/lab?redirects=2,Work / JupyterLab,,2025-08-18T17:51:35.210Z,,,false
1304309233,JupyterHub,,,https://jupyter.dsa.corp.amway.net/hub/admin,Work / JupyterLab,,2025-08-18T17:51:28.927Z,,,false
1304309196,JupyterLab,,,https://patrickmburrell.github.io/id-tabs/jupyterlab.html,Work / JupyterLab,,2025-08-18T17:51:20.154Z,,,false
1286010418,awslabs/aws-support-tools: Tools and sample code provided by AWS Premium Support.,,Tools and sample code provided by AWS Premium Support. - awslabs/aws-support-tools,https://github.com/awslabs/aws-support-tools,Work / Misc,,2025-08-05T12:46:30.452Z,https://opengraph.githubassets.com/0712a044feb8881c29b7d261830e70d04df63d5e2a47f31ed1599b0f3f139778/awslabs/aws-support-tools,,false
1286009766,valuechain-parameterized-pyspark/pyspark_parameterized_script.py at main ¬∑ AmwayCommon/valuechain-parameterized-pyspark,,Contribute to AmwayCommon/valuechain-parameterized-pyspark development by creating an account on GitHub.,https://github.com/AmwayCommon/valuechain-parameterized-pyspark/blob/main/pyspark_parameterized_script.py,Work / Misc,,2025-08-05T12:45:22.922Z,https://avatars.githubusercontent.com/u/132675179?s=400&v=4,,false
1287653940,PhytoBloom,,,https://patrickmburrell.github.io/id-tabs/phytobloom.html,Work / PhytoBloom,,2025-08-06T14:34:05.657Z,,,false
1286074804,neptune,,Explore the resources and functions of the aws.neptune module.,https://www.pulumi.com/registry/packages/aws/api-docs/neptune/,Work / PhytoBloom,,2025-08-05T14:25:44.789Z,https://www.pulumi.com/logos/brand/twitter-summary.png,,false
1263123550,"Ingestion - I&S Data Science, Analytics, & Systems - Amway Confluence",,"Log in to Jira, Confluence, and all other Atlassian Cloud products here. Not an Atlassian user? Sign up for free.",https://amwaycloud.atlassian.net/wiki/spaces/IDSAS/pages/952009028/Ingestion,Work / PhytoBloom,,2025-07-22T14:06:10.748Z,,,false
1286066165,Notebooks | Neptune | us-east-1,,,https://us-east-1.console.aws.amazon.com/neptune/home?region=us-east-1#notebooks:,Work / PhytoBloom,,2025-08-05T14:15:05.422Z,,,false
1286066420,Notebook instances | Amazon SageMaker AI | us-east-1,,,https://us-east-1.console.aws.amazon.com/sagemaker/home?region=us-east-1#/notebook-instances,Work / PhytoBloom,,2025-08-05T14:15:59.123Z,,,false
1286067910,patrickburrell/phytobloom-neptune | Pulumi,,"Pulumi Cloud empowers teams to automate, secure, and manage cloud infrastructure. Sign in or sign up to learn more about Pulumi Cloud.",https://app.pulumi.com/patrickburrell/phytobloom-neptune,Work / PhytoBloom,,2025-08-05T14:17:56.506Z,,,false
1266856289,amw-phytobloom-analytics - S3 bucket | S3 | us-east-1,,,https://us-east-1.console.aws.amazon.com/s3/buckets/amw-phytobloom-analytics?bucketType=general&region=us-east-1&tab=objects,Work / PhytoBloom,,2025-07-24T15:04:21.903Z,,,false
1286006784,DS-PHYTOBLOOM/phytobloom at ingestion ¬∑ AmwayCommon/DS-PHYTOBLOOM,,Phytobloom is a discovery engine based on Neo4j graph database to discovery link between plants and health benefits - AmwayCommon/DS-PHYTOBLOOM,https://github.com/AmwayCommon/DS-PHYTOBLOOM/tree/ingestion/phytobloom,Work / PhytoBloom,,2025-08-05T12:41:57.015Z,https://avatars.githubusercontent.com/u/132675179?s=400&v=4,,false
1286008841,Index of /,,,https://ftp.ncbi.nlm.nih.gov/,Work / PhytoBloom,,2025-08-05T12:43:30.819Z,,,false
1286007258,AmwayCommon/DS-ATHENA-VIEWS: Queries for views on Athena that don't drive a specific application,,Queries for views on Athena that don't drive a specific application - AmwayCommon/DS-ATHENA-VIEWS,https://github.com/AmwayCommon/DS-ATHENA-VIEWS,Work / PubMed,,2025-08-05T12:42:16.152Z,https://avatars.githubusercontent.com/u/132675179?s=400&v=4,,false
1286006020,Repository ‚Äì BigQuery ‚Äì Innovation and Scie‚Ä¶ ‚Äì Google Cloud console,,"Google Cloud Platform lets you build, deploy, and scale applications, websites, and services on the same infrastructure as Google.",https://console.cloud.google.com/bigquery?referrer=search&chat=true&inv=1&invt=Ab4qmA&project=gcp-dna-innovation-science&ws=!1m5!1m4!4m3!1sgcp-dna-innovation-science!2spubmed!3spubmed_baseline_2025_06_30,Work / PubMed,,2025-08-05T12:40:01.763Z,,,false
1286005262,Digests for k8s_pubmed_update ‚Äì Artifact Registry ‚Äì Innovation and Scie‚Ä¶ ‚Äì Google Cloud console,,"Google Cloud Platform lets you build, deploy, and scale applications, websites, and services on the same infrastructure as Google.",https://console.cloud.google.com/artifacts/docker/gcp-dna-innovation-science/us-east4/ds-scheduled-workflows/k8s_pubmed_update?chat=true&inv=1&invt=Ab4qgg&project=gcp-dna-innovation-science,Work / PubMed,,2025-08-05T12:38:16.107Z,,,false
1286004987,amw-is-pubmed ‚Äì Cloud Storage ‚Äì Innovation and Scie‚Ä¶ ‚Äì Google Cloud console,,"Google Cloud Platform lets you build, deploy, and scale applications, websites, and services on the same infrastructure as Google.",https://console.cloud.google.com/storage/browser/amw-is-pubmed/2024/baseline;tab=objects?inv=1&invt=Ab4qgQ&project=gcp-dna-innovation-science&pageState=(%22StorageObjectListTable%22:(%22f%22:%22%255B%255D%22))&prefix=&forceOnObjectsSortingFiltering=false,Work / PubMed,,2025-08-05T12:37:36.500Z,,,false
1288040008,ScheduledWorkflows,,,https://patrickmburrell.github.io/id-tabs/scheduledworkflows.html,Work / ScheduledWorkflows,,2025-08-06T18:56:00.720Z,,,false
1286009481,kubernetes/docs/V1Container.md ¬∑ 48b6ca2b86c86202b441747b9af2c3e55eaa7cde ¬∑ p / python-kubernetes ¬∑ GitLab,,GitLab Enterprise Edition,https://code.parsehub.com/p/python-kubernetes/-/blob/48b6ca2b86c86202b441747b9af2c3e55eaa7cde/kubernetes/docs/V1Container.md,Work / ScheduledWorkflows,,2025-08-05T12:44:46.037Z,https://code.parsehub.com/assets/twitter_card-570ddb06edf56a2312253c5872489847a0f385112ddbcd71ccfa1570febab5d2.jpg,,false
1286008373,Pull requests ¬∑ AmwayCommon/DS-SCHEDULED-WORKFLOWS,,"GitHub is where people build software. More than 150 million people use GitHub to discover, fork, and contribute to over 420 million projects.",https://github.com/AmwayCommon/DS-SCHEDULED-WORKFLOWS/pulls,Work / ScheduledWorkflows,,2025-08-05T12:43:05.291Z,https://github.githubassets.com/assets/github-octocat-13c86b8b336d.png,,false
1286006460,Environment details ‚Äì Composer ‚Äì Innovation and Scie‚Ä¶ ‚Äì Google Cloud console,,"Google Cloud Platform lets you build, deploy, and scale applications, websites, and services on the same infrastructure as Google.",https://console.cloud.google.com/composer/environments/detail/us-east4/dsa-innovation-science-prod/dags?inv=1&invt=Ab4qmg&project=gcp-dna-innovation-science&lastRefresh=1753818294953&chat=true&pageState=(%22environmentDetails%22:(%22relativeTimeRange%22:%22PT6H%22)),Work / ScheduledWorkflows,,2025-08-05T12:41:42.720Z,,,false
1286006328,us-east4-d‚Ä¶67-bucket ‚Äì Cloud Storage ‚Äì Innovation and Scie‚Ä¶ ‚Äì Google Cloud console,,"Google Cloud Platform lets you build, deploy, and scale applications, websites, and services on the same infrastructure as Google.",https://console.cloud.google.com/storage/browser/us-east4-dsa-innovation-sci-040bde67-bucket/dags/scheduled_workflows?chat=true&inv=1&invt=Ab4qmg&project=gcp-dna-innovation-science&pageState=(%22StorageObjectListTable%22:(%22f%22:%22%255B%255D%22)),Work / ScheduledWorkflows,,2025-08-05T12:41:20.735Z,,,false
1286006215,DAGs - dsa-innovation-science-prod,,,https://0a97203a0b4d4c6497991ad049ad84ed-dot-us-east4.composer.googleusercontent.com/home,Work / ScheduledWorkflows,,2025-08-05T12:40:52.321Z,,,false
1286005478,Build history ‚Äì Cloud Build ‚Äì Innovation and Scie‚Ä¶ ‚Äì Google Cloud console,,"Google Cloud Platform lets you build, deploy, and scale applications, websites, and services on the same infrastructure as Google.",https://console.cloud.google.com/cloud-build/builds?inv=1&invt=Ab4qlw&project=gcp-dna-innovation-science,Work / ScheduledWorkflows,,2025-08-05T12:39:12.221Z,,,false
1312803347,ServiceNow,,,https://patrickmburrell.github.io/id-tabs/servicenow.html,Work / ServiceNow,,2025-08-25T16:10:36.694Z,,,false
1294646543,Console Home | Console Home | us-east-1,,,https://us-east-1.console.aws.amazon.com/console/home?region=us-east-1,Work / ServiceNow,,2025-08-11T13:37:50.278Z,,,false
1294646393,Innovation and Scie‚Ä¶ ‚Äì Google Cloud console,,"Google Cloud Platform lets you build, deploy, and scale applications, websites, and services on the same infrastructure as Google.",https://console.cloud.google.com/welcome?inv=1&invt=Ab5Mkg&project=gcp-dna-innovation-science,Work / ServiceNow,,2025-08-11T13:37:21.922Z,,,false
1286305455,Resource Search | AWS Resource Explorer | Global,,,https://resource-explorer.console.aws.amazon.com/resource-explorer/home?region=us-east-1#/search?view=arn%3Aaws%3Aresource-explorer-2%3Aus-east-1%3A930471555715%3Aview%2Fall-resources%2Fbc593c43-b817-4edf-a93e-52546031131e&query=,Work / ServiceNow,,2025-08-05T17:39:00.132Z,,,false
1286020442,Technology Home - Amway,,,https://amway.service-now.com/sp?id=index_1,Work / ServiceNow,,2025-08-05T12:59:53.584Z,,,false
1286018522,Catalog Tasks | ServiceNow,,,https://amway.service-now.com/now/nav/ui/classic/params/target/sc_task_list.do%3Fsysparm_userpref_module%3D59f8a2a60a0a0b9b00fd6bfe2e28ada5%26sysparm_query%3Dactive%253Dtrue%255EEQ,Work / ServiceNow,,2025-08-05T12:59:21.029Z,,,false
1315094551,Shuttle,,,https://patrickmburrell.github.io/id-tabs/shuttle.html,Work / Shuttle,,2025-08-27T14:40:27.743Z,,,false
1315094448,AmwayCommon/DS-SHUTTLE,,"GitHub is where people build software. More than 150 million people use GitHub to discover, fork, and contribute to over 420 million projects.",https://github.com/AmwayCommon/DS-SHUTTLE,Work / Shuttle,,2025-08-27T14:40:04.408Z,https://github.githubassets.com/assets/github-octocat-13c86b8b336d.png,,false
1315097900,Build history ‚Äì Cloud Build ‚Äì Innovation and Scie‚Ä¶ ‚Äì Google Cloud console,,"Google Cloud Platform lets you build, deploy, and scale applications, websites, and services on the same infrastructure as Google.",https://console.cloud.google.com/cloud-build/builds?referrer=search&authuser=0&invt=Ab6hHQ&project=gcp-dna-innovation-science,Work / Shuttle,,2025-08-27T14:44:19.178Z,,,false
1286009868,AI Applications ‚Äì Innovation and Scie‚Ä¶ ‚Äì Google Cloud console,,"Google Cloud Platform lets you build, deploy, and scale applications, websites, and services on the same infrastructure as Google.",https://console.cloud.google.com/gen-app-builder/data-stores?invt=Ab4qgQ&project=gcp-dna-innovation-science&inv=1,Work / Shuttle,,2025-08-05T12:45:49.885Z,,,false
1286009148,AI Applications ‚Äì Innovation and Scie‚Ä¶ ‚Äì Google Cloud console,,"Google Cloud Platform lets you build, deploy, and scale applications, websites, and services on the same infrastructure as Google.",https://console.cloud.google.com/gen-app-builder/locations/global/engines/kevins-bot_1705068917834/data/documents?authuser=0&invt=Ab4qgQ&project=gcp-dna-innovation-science&inv=1,Work / Shuttle,,2025-08-05T12:44:24.350Z,,,false
